Grand Prix,Driver,Car,Time,year
Great Britain,Nino Farina,Alfa Romeo,1:50.600,1950.0
Monaco,Juan Manuel Fangio,Alfa Romeo,1:51.000,1950.0
Switzerland,Nino Farina,Alfa Romeo,2:41.600,1950.0
Belgium,Nino Farina,Alfa Romeo,4:34.100,1950.0
France,Juan Manuel Fangio,Alfa Romeo,2:35.600,1950.0
Italy,Juan Manuel Fangio,Alfa Romeo,2:00.000,1950.0
Switzerland,Juan Manuel Fangio,Alfa Romeo,2:51.100,1951.0
Indianapolis 500,Lee Wallard,Kurtis Kraft Offenhauser,1:07.260,1951.0
Belgium,Juan Manuel Fangio,Alfa Romeo,4:22.100,1951.0
France,Juan Manuel Fangio,Alfa Romeo,2:27.800,1951.0
Great Britain,Nino Farina,Alfa Romeo,1:44.000,1951.0
Germany,Juan Manuel Fangio,Alfa Romeo,9:55.800,1951.0
Italy,Nino Farina,Alfa Romeo,1:56.500,1951.0
Spain,Juan Manuel Fangio,Alfa Romeo,2:16.930,1951.0
Switzerland,Piero  Taruffi,Ferrari,2:49.100,1952.0
Indianapolis 500,Bill  Vukovich ,Kurtis Kraft Offenhauser,1:06.600,1952.0
Belgium,Alberto Ascari,Ferrari,4:55.000,1952.0
France,Alberto Ascari,Ferrari,2:17.300,1952.0
Great Britain,Alberto Ascari,Ferrari,1:52.000,1952.0
Germany,Alberto Ascari,Ferrari,10:05.100,1952.0
Netherlands,Alberto Ascari,Ferrari,1:49.800,1952.0
Italy,Alberto Ascari,Ferrari,2:06.100,1952.0
Argentina,Alberto Ascari,Ferrari,1:48.400,1953.0
Indianapolis 500,Bill  Vukovich ,Kurtis Kraft Offenhauser,1:06.240,1953.0
Netherlands,Luigi  Villoresi,Ferrari,1:52.800,1953.0
Belgium,Jose Froilan Gonzalez,Maserati,4:34.000,1953.0
France,Juan Manuel Fangio,Maserati,2:41.100,1953.0
Great Britain,Alberto Ascari,Ferrari,1:50.000,1953.0
Germany,Alberto Ascari,Ferrari,9:56.000,1953.0
Switzerland,Alberto Ascari,Ferrari,2:41.300,1953.0
Italy,Juan Manuel Fangio,Maserati,2:04.500,1953.0
Argentina,Jose Froilan Gonzalez,Ferrari,1:48.200,1954.0
Indianapolis 500,Jack McGrath,Kurtis Kraft Offenhauser,1:04.040,1954.0
Belgium,Juan Manuel Fangio,Maserati,4:25.500,1954.0
France,Hans  Herrmann,Mercedes-Benz,2:32.900,1954.0
Great Britain,Alberto Ascari,Maserati,1:50.000,1954.0
Germany,Karl Kling,Mercedes-Benz,9:55.100,1954.0
Switzerland,Juan Manuel Fangio,Mercedes-Benz,2:39.700,1954.0
Italy,Jose Froilan Gonzalez,Ferrari,2:00.800,1954.0
Spain,Alberto Ascari,Lancia,2:20.400,1954.0
Argentina,Juan Manuel Fangio,Mercedes-Benz,1:48.300,1955.0
Monaco,Juan Manuel Fangio,Mercedes-Benz,1:42.400,1955.0
Indianapolis 500,Bill  Vukovich ,Kurtis Kraft Offenhauser,1:03.670,1955.0
Belgium,Juan Manuel Fangio,Mercedes-Benz,4:20.600,1955.0
Netherlands,Roberto Mieres,Maserati,1:40.900,1955.0
Great Britain,Stirling Moss,Mercedes-Benz,2:00.400,1955.0
Italy,Stirling Moss,Mercedes-Benz,2:46.900,1955.0
Argentina,Juan Manuel Fangio,Ferrari,1:45.300,1956.0
Monaco,Juan Manuel Fangio,Ferrari,1:44.400,1956.0
Indianapolis 500,Paul Russo,Kurtis Kraft Novi,1:02.320,1956.0
Belgium,Stirling Moss,Maserati,4:14.700,1956.0
France,Juan Manuel Fangio,Ferrari,2:25.800,1956.0
Great Britain,Stirling Moss,Maserati,1:43.200,1956.0
Germany,Juan Manuel Fangio,Ferrari,9:41.600,1956.0
Italy,Stirling Moss,Maserati,2:45.500,1956.0
Argentina,Stirling Moss,Maserati,1:44.700,1957.0
Monaco,Juan Manuel Fangio,Maserati,1:45.600,1957.0
Indianapolis 500,Jim Rathmann,Epperly Offenhauser,1:02.750,1957.0
France,Luigi Musso,Ferrari,2:22.400,1957.0
Great Britain,Stirling Moss,Vanwall,1:59.200,1957.0
Germany,Juan Manuel Fangio,Maserati,9:17.400,1957.0
Pescara,Stirling Moss,Vanwall,9:44.600,1957.0
Italy,Tony Brooks,Vanwall,1:43.700,1957.0
Argentina,Juan Manuel Fangio,Maserati,1:41.800,1958.0
Monaco,Mike Hawthorn,Ferrari,1:40.600,1958.0
Netherlands,Stirling Moss,Vanwall,1:37.600,1958.0
Indianapolis 500,Tony  Bettenhausen,Epperly Offenhauser,1:02.370,1958.0
Belgium,Mike Hawthorn,Ferrari,3:58.300,1958.0
France,Mike Hawthorn,Ferrari,2:24.900,1958.0
Great Britain,Mike Hawthorn,Ferrari,1:40.800,1958.0
Germany,Stirling Moss,Vanwall,9:09.200,1958.0
Portugal,Mike Hawthorn,Ferrari,2:32.270,1958.0
Italy,Phil Hill,Ferrari,1:42.900,1958.0
Morocco,Stirling Moss,Vanwall,2:22.500,1958.0
Monaco,Jack Brabham,Cooper Climax,1:40.400,1959.0
Indianapolis 500,Johnny Thomson,Lesovsky Offenhauser,1:01.890,1959.0
Netherlands,Stirling Moss,Cooper Climax,1:36.700,1959.0
France,Stirling Moss,BRM,2:22.800,1959.0
Great Britain,Stirling Moss,BRM,1:57.000,1959.0
Germany,Tony Brooks,Ferrari,2:04.500,1959.0
Portugal,Stirling Moss,Cooper Climax,2:05.070,1959.0
Italy,Phil Hill,Ferrari,1:40.400,1959.0
United States,Maurice  Trintignant,Cooper Climax,3:05.000,1959.0
Argentina,Stirling Moss,Cooper Climax,1:38.900,1960.0
Monaco,Bruce McLaren,Lotus Climax,1:36.200,1960.0
Indianapolis 500,Jim Rathmann,Watson Offenhauser,1:01.590,1960.0
Netherlands,Stirling Moss,Lotus Climax,1:33.800,1960.0
Belgium,Phil Hill,Ferrari,3:51.900,1960.0
France,Jack Brabham,Cooper Climax,2:17.500,1960.0
Great Britain,Graham Hill,BRM,1:34.400,1960.0
Portugal,John Surtees,Lotus Climax,2:27.530,1960.0
Italy,Phil Hill,Ferrari,2:43.600,1960.0
United States,Jack Brabham,Cooper Climax,1:56.300,1960.0
Monaco,Richie Ginther,Ferrari,1:36.300,1961.0
Netherlands,Jim Clark,Lotus Climax,1:35.500,1961.0
Belgium,Richie Ginther,Ferrari,3:59.800,1961.0
France,Phil Hill,Ferrari,2:27.100,1961.0
Great Britain,Tony Brooks,BRM Climax,1:57.800,1961.0
Germany,Phil Hill,Ferrari,8:57.800,1961.0
Italy,Giancarlo Baghetti,Ferrari,2:48.400,1961.0
United States,Jack Brabham,Cooper Climax,1:18.200,1961.0
Netherlands,Bruce McLaren,Cooper Climax,1:34.400,1962.0
Monaco,Jim Clark,Lotus Climax,1:35.500,1962.0
Belgium,Jim Clark,Lotus Climax,3:55.600,1962.0
France,Graham Hill,BRM,2:16.900,1962.0
Great Britain,Jim Clark,Lotus Climax,1:55.000,1962.0
Germany,Graham Hill,BRM,10:12.200,1962.0
Italy,Graham Hill,BRM,1:42.300,1962.0
United States,Jim Clark,Lotus Climax,1:15.000,1962.0
South Africa,Jim Clark,Lotus Climax,1:31.000,1962.0
Monaco,John Surtees,Ferrari,1:34.500,1963.0
Belgium,Jim Clark,Lotus Climax,3:58.100,1963.0
Netherlands,Jim Clark,Lotus Climax,1:33.700,1963.0
France,Jim Clark,Lotus Climax,2:21.600,1963.0
Great Britain,John Surtees,Ferrari,1:36.000,1963.0
Germany,John Surtees,Ferrari,8:47.000,1963.0
Italy,Jim Clark,Lotus Climax,1:38.900,1963.0
United States,Jim Clark,Lotus Climax,1:14.500,1963.0
Mexico,Jim Clark,Lotus Climax,1:58.100,1963.0
South Africa,Dan Gurney,Brabham Climax,1:29.100,1963.0
Monaco,Graham Hill,BRM,1:33.900,1964.0
Netherlands,Jim Clark,Lotus Climax,1:32.800,1964.0
Belgium,Dan Gurney,Brabham Ford,3:49.200,1964.0
France,Jack Brabham,Brabham Ford,2:11.400,1964.0
Great Britain,Jim Clark,Lotus Climax,1:38.800,1964.0
Germany,John Surtees,Ferrari,8:39.000,1964.0
Austria,Dan Gurney,Brabham Ford,1:10.560,1964.0
Italy,John Surtees,Ferrari,1:38.800,1964.0
United States,Jim Clark,Lotus Climax,1:12.700,1964.0
Mexico,Jim Clark,Lotus Climax,1:58.370,1964.0
South Africa,Jim Clark,Lotus Climax,1:27.600,1965.0
Monaco,Graham Hill,BRM,1:31.700,1965.0
Belgium,Jim Clark,Lotus Climax,4:12.900,1965.0
France,Jim Clark,Lotus Climax,3:18.900,1965.0
Great Britain,Graham Hill,BRM,1:32.200,1965.0
Netherlands,Jim Clark,Lotus Climax,1:30.600,1965.0
Germany,Jim Clark,Lotus Climax,8:24.100,1965.0
Italy,Jim Clark,Lotus Climax,1:36.400,1965.0
United States,Graham Hill,BRM,1:11.900,1965.0
Mexico,Dan Gurney,Brabham Climax,1:55.840,1965.0
Monaco,Lorenzo Bandini,Ferrari,1:29.800,1966.0
Belgium,John Surtees,Ferrari,4:18.700,1966.0
France,Lorenzo Bandini,Ferrari,2:11.300,1966.0
Great Britain,Jack Brabham,Brabham Climax,1:37.000,1966.0
Netherlands,Denny Hulme,Brabham Climax,1:30.600,1966.0
Germany,John Surtees,Cooper Maserati,8:49.000,1966.0
Italy,Ludovico Scarfiotti,Ferrari,1:32.400,1966.0
United States,John Surtees,Cooper Maserati,1:09.670,1966.0
Mexico,Richie Ginther,Honda,1:53.750,1966.0
South Africa,Denny Hulme,Brabham Repco,1:29.900,1967.0
Monaco,Jim Clark,Lotus Climax,1:29.500,1967.0
Netherlands,Jim Clark,Lotus Climax,1:28.080,1967.0
Belgium,Dan Gurney,Eagle Climax,3:31.900,1967.0
France,Graham Hill,Lotus Climax,1:36.700,1967.0
Great Britain,Denny Hulme,Brabham Repco,1:27.000,1967.0
Germany,Dan Gurney,Eagle Climax,8:15.100,1967.0
Canada,Jim Clark,Lotus Climax,1:23.100,1967.0
Italy,Jim Clark,Lotus Climax,1:28.500,1967.0
United States,Graham Hill,Lotus Climax,1:06.000,1967.0
Mexico,Jim Clark,Lotus Climax,1:48.130,1967.0
South Africa,Jim Clark,Lotus Ford,1:23.700,1968.0
Spain,Jean-Pierre Beltoise,Matra Ford,1:28.300,1968.0
Monaco,Richard Attwood,BRM,1:28.100,1968.0
Belgium,John Surtees,Honda,3:30.500,1968.0
Netherlands,Jean-Pierre Beltoise,Matra Ford,1:45.910,1968.0
France,Pedro Rodriguez,BRM,2:11.500,1968.0
Great Britain,Jo Siffert,Lotus Ford,1:29.700,1968.0
Germany,Jackie Stewart,Matra Ford,9:36.000,1968.0
Italy,Jackie Oliver,Lotus Ford,1:26.500,1968.0
Canada,Jo Siffert,Lotus Ford,1:35.100,1968.0
United States,Jackie Stewart,Matra Ford,1:05.220,1968.0
Mexico,Jo Siffert,Lotus Ford,1:44.230,1968.0
South Africa,Jackie Stewart,Matra Ford,1:21.600,1969.0
Spain,Jochen Rindt,Lotus Ford,1:28.300,1969.0
Monaco,Jackie Stewart,Matra Ford,1:25.100,1969.0
Netherlands,Jackie Stewart,Matra Ford,1:22.940,1969.0
France,Jackie Stewart,Matra Ford,3:02.700,1969.0
Great Britain,Jackie Stewart,Matra Ford,1:21.300,1969.0
Germany,Jacky Ickx,Brabham Climax,7:43.800,1969.0
Italy,Jean-Pierre Beltoise,Matra Ford,1:25.200,1969.0
Canada,Jacky Ickx,Brabham Climax,1:18.100,1969.0
United States,Jochen Rindt,Lotus Ford,1:04.340,1969.0
Mexico,Jacky Ickx,Brabham Climax,1:43.050,1969.0
South Africa,John Surtees,McLaren Ford,1:20.800,1970.0
Spain,Jack Brabham,Brabham Ford,1:24.300,1970.0
Monaco,Jochen Rindt,Lotus Ford,1:23.200,1970.0
Belgium,Chris Amon,March Ford,3:27.400,1970.0
Netherlands,Jacky Ickx,Ferrari,1:19.230,1970.0
France,Jack Brabham,Brabham Ford,3:00.750,1970.0
Great Britain,Jack Brabham,Brabham Ford,1:25.900,1970.0
Germany,Jacky Ickx,Ferrari,2:00.500,1970.0
Austria,Jacky Ickx,Ferrari,1:40.400,1970.0
Italy,Clay Regazzoni,Ferrari,1:25.200,1970.0
Canada,Clay Regazzoni,Ferrari,1:32.200,1970.0
United States,Jacky Ickx,Ferrari,1:02.740,1970.0
Mexico,Jacky Ickx,Ferrari,1:43.110,1970.0
South Africa,Mario Andretti,Ferrari,1:20.300,1971.0
Spain,Jacky Ickx,Ferrari,1:25.100,1971.0
Monaco,Jackie Stewart,Tyrrell Ford,1:22.200,1971.0
Netherlands,Jacky Ickx,Ferrari,1:34.950,1971.0
France,Jackie Stewart,Tyrrell Ford,1:54.090,1971.0
Great Britain,Jackie Stewart,Tyrrell Ford,1:19.900,1971.0
Germany,Francois  Cevert ,Tyrrell Ford,7:20.100,1971.0
Austria,Jo Siffert,BRM,1:38.470,1971.0
Italy,Henri Pescarolo,March Ford,1:23.800,1971.0
Canada,Denny Hulme,McLaren Ford,1:43.500,1971.0
United States,Jacky Ickx,Ferrari,1:43.474,1971.0
Argentina,Jackie Stewart,Tyrrell Ford,1:13.660,1972.0
South Africa,Mike Hailwood,Surtees Ford,1:18.900,1972.0
Spain,Jacky Ickx,Ferrari,1:21.010,1972.0
Monaco,Jean-Pierre Beltoise,BRM,1:40.000,1972.0
Belgium,Chris Amon,Matra,1:12.120,1972.0
France,Chris Amon,Matra,2:53.900,1972.0
Great Britain,Jackie Stewart,Tyrrell Ford,1:24.000,1972.0
Germany,Jacky Ickx,Ferrari,7:13.600,1972.0
Austria,Denny Hulme,McLaren Ford,1:38.320,1972.0
Italy,Jacky Ickx,Ferrari,1:36.300,1972.0
Canada,Jackie Stewart,Tyrrell Ford,1:15.700,1972.0
United States,Jackie Stewart,Tyrrell Ford,1:41.644,1972.0
Argentina,Emerson Fittipaldi,Lotus Ford,1:11.220,1973.0
Brazil,Emerson Fittipaldi,Lotus Ford,2:35.000,1973.0
South Africa,Emerson Fittipaldi,Lotus Ford,1:17.100,1973.0
Spain,Ronnie Peterson,Lotus Ford,1:23.800,1973.0
Belgium,Francois  Cevert ,Tyrrell Ford,1:25.420,1973.0
Monaco,Emerson Fittipaldi,Lotus Ford,1:28.100,1973.0
Sweden,Denny Hulme,McLaren Ford,1:26.146,1973.0
France,Denny Hulme,McLaren Ford,1:50.990,1973.0
Great Britain,James Hunt,March Ford,1:18.600,1973.0
Netherlands,Ronnie Peterson,Lotus Ford,1:20.310,1973.0
Germany,Carlos Pace,Surtees Ford,7:11.400,1973.0
Austria,Carlos Pace,Surtees Ford,1:37.290,1973.0
Italy,Jackie Stewart,Tyrrell Ford,1:35.300,1973.0
Canada,Emerson Fittipaldi,Lotus Ford,1:15.496,1973.0
United States,James Hunt,March Ford,1:41.652,1973.0
Argentina,Clay Regazzoni,Ferrari,1:52.100,1974.0
Brazil,Clay Regazzoni,Ferrari,2:36.050,1974.0
South Africa,Carlos Reutemann,Brabham Ford,1:18.160,1974.0
Spain,Niki Lauda,Ferrari,1:20.830,1974.0
Belgium,Denny Hulme,McLaren Ford,1:11.310,1974.0
Monaco,Ronnie Peterson,Lotus Ford,1:27.900,1974.0
Sweden,Patrick Depailler,Tyrrell Ford,1:27.262,1974.0
Netherlands,Ronnie Peterson,Lotus Ford,1:21.440,1974.0
France,Jody Scheckter,Tyrrell Ford,1:00.000,1974.0
Great Britain,Niki Lauda,Ferrari,1:21.100,1974.0
Germany,Jody Scheckter,Tyrrell Ford,7:11.100,1974.0
Austria,Clay Regazzoni,Ferrari,1:37.220,1974.0
Italy,Carlos Pace,Brabham Ford,1:34.200,1974.0
Canada,Niki Lauda,Ferrari,1:13.659,1974.0
United States,Carlos Pace,Brabham Ford,1:40.608,1974.0
Argentina,James Hunt,Hesketh Ford,1:50.910,1975.0
Brazil,Jean-Pierre Jarier,Shadow Matra,2:34.160,1975.0
South Africa,Carlos Pace,Brabham Ford,1:17.200,1975.0
Spain,Mario Andretti,Parnelli Ford,1:25.100,1975.0
Monaco,Patrick Depailler,Tyrrell Ford,1:28.670,1975.0
Belgium,Clay Regazzoni,Ferrari,1:26.760,1975.0
Sweden,Niki Lauda,Ferrari,1:28.267,1975.0
Netherlands,Niki Lauda,Ferrari,1:21.540,1975.0
France,Jochen Mass,McLaren Ford,1:50.600,1975.0
Great Britain,Clay Regazzoni,Ferrari,1:20.900,1975.0
Germany,Clay Regazzoni,Ferrari,7:06.400,1975.0
Austria,Vittorio Brambilla,March Ford,1:53.900,1975.0
Italy,Clay Regazzoni,Ferrari,1:33.100,1975.0
United States,Emerson Fittipaldi,McLaren Ford,1:43.374,1975.0
Brazil,Jean-Pierre Jarier,Shadow Ford,2:35.070,1976.0
South Africa,Niki Lauda,Ferrari,1:17.970,1976.0
USA West,Clay Regazzoni,Ferrari,1:23.076,1976.0
Spain,Jochen Mass,McLaren Ford,1:20.930,1976.0
Belgium,Niki Lauda,Ferrari,1:25.980,1976.0
Monaco,Clay Regazzoni,Ferrari,1:30.280,1976.0
Sweden,Mario Andretti,Lotus Ford,1:28.002,1976.0
France,Niki Lauda,Ferrari,1:51.000,1976.0
Great Britain,Niki Lauda,Ferrari,1:19.910,1976.0
Germany,Jody Scheckter,Tyrrell Ford,7:10.800,1976.0
Austria,James Hunt,McLaren Ford,1:35.910,1976.0
Netherlands,Clay Regazzoni,Ferrari,1:22.590,1976.0
Italy,Ronnie Peterson,March Ford,1:41.300,1976.0
Canada,Patrick Depailler,Tyrrell Ford,1:13.817,1976.0
USA East,James Hunt,McLaren Ford,1:42.851,1976.0
Japan,Jacques Laffite,Ligier Matra,1:19.970,1976.0
Argentina,James Hunt,McLaren Ford,1:51.060,1977.0
Brazil,James Hunt,McLaren Ford,2:34.550,1977.0
South Africa,John Watson,Brabham Alfa Romeo,1:17.630,1977.0
USA West,Niki Lauda,Ferrari,1:22.753,1977.0
Spain,Jacques Laffite,Ligier Matra,1:20.810,1977.0
Monaco,Jody Scheckter,Wolf Ford,1:31.070,1977.0
Belgium,Gunnar Nilsson,Lotus Ford,1:27.540,1977.0
Sweden,Mario Andretti,Lotus Ford,1:27.607,1977.0
France,Mario Andretti,Lotus Ford,1:13.750,1977.0
Great Britain,James Hunt,McLaren Ford,1:19.600,1977.0
Germany,Niki Lauda,Ferrari,1:55.990,1977.0
Austria,John Watson,Brabham Alfa Romeo,1:40.960,1977.0
Netherlands,Niki Lauda,Ferrari,1:19.990,1977.0
Italy,Mario Andretti,Lotus Ford,1:39.100,1977.0
USA East,Ronnie Peterson,Tyrrell Ford,1:51.854,1977.0
Canada,Mario Andretti,Lotus Ford,1:13.299,1977.0
Japan,Jody Scheckter,Wolf Ford,1:14.300,1977.0
Argentina,Gilles Villeneuve,Ferrari,1:49.760,1978.0
Brazil,Carlos Reutemann,Ferrari,1:43.070,1978.0
South Africa,Mario Andretti,Lotus Ford,1:17.090,1978.0
USA West,Alan  Jones,Williams Ford,1:22.215,1978.0
Monaco,Niki Lauda,Brabham Alfa Romeo,1:28.650,1978.0
Belgium,Ronnie Peterson,Lotus Ford,1:23.130,1978.0
Spain,Mario Andretti,Lotus Ford,1:20.060,1978.0
Sweden,Niki Lauda,Brabham Alfa Romeo,1:24.836,1978.0
France,Carlos Reutemann,Ferrari,1:48.560,1978.0
Great Britain,Niki Lauda,Brabham Alfa Romeo,1:18.600,1978.0
Germany,Ronnie Peterson,Lotus Ford,1:55.620,1978.0
Austria,Ronnie Peterson,Lotus Ford,1:43.120,1978.0
Netherlands,Niki Lauda,Brabham Alfa Romeo,1:19.570,1978.0
Italy,Mario Andretti,Lotus Ford,1:38.230,1978.0
USA East,Jean-Pierre Jarier,Lotus Ford,1:39.557,1978.0
Canada,Alan  Jones,Williams Ford,1:38.072,1978.0
Argentina,Jacques Laffite,Ligier Ford,1:46.910,1979.0
Brazil,Jacques Laffite,Ligier Ford,2:28.760,1979.0
South Africa,Gilles Villeneuve,Ferrari,1:14.412,1979.0
USA West,Gilles Villeneuve,Ferrari,1:21.200,1979.0
Spain,Gilles Villeneuve,Ferrari,1:16.440,1979.0
Belgium,Gilles Villeneuve,Ferrari,1:23.090,1979.0
Monaco,Patrick Depailler,Ligier Ford,1:28.820,1979.0
France,Rene Arnoux,Renault,1:09.160,1979.0
Great Britain,Clay Regazzoni,Williams Ford,1:14.400,1979.0
Germany,Gilles Villeneuve,Ferrari,1:51.890,1979.0
Austria,Rene Arnoux,Renault,1:35.770,1979.0
Netherlands,Gilles Villeneuve,Ferrari,1:19.438,1979.0
Italy,Clay Regazzoni,Williams Ford,1:35.600,1979.0
Canada,Alan  Jones,Williams Ford,1:31.272,1979.0
USA East,Nelson Piquet,Brabham Ford,1:40.054,1979.0
Argentina,Alan  Jones,Williams Ford,1:50.450,1980.0
Brazil,Rene Arnoux,Renault,2:27.310,1980.0
South Africa,Rene Arnoux,Renault,1:13.150,1980.0
USA West,Nelson Piquet,Brabham Ford,1:19.830,1980.0
Belgium,Jacques Laffite,Ligier Ford,1:20.880,1980.0
Monaco,Carlos Reutemann,Williams Ford,1:27.418,1980.0
France,Alan  Jones,Williams Ford,1:41.450,1980.0
Great Britain,Didier Pironi,Ligier Ford,1:12.368,1980.0
Germany,Alan  Jones,Williams Ford,1:48.490,1980.0
Austria,Rene Arnoux,Renault,1:32.530,1980.0
Netherlands,Rene Arnoux,Renault,1:19.350,1980.0
Italy,Alan  Jones,Williams Ford,1:36.089,1980.0
Canada,Didier Pironi,Ligier Ford,1:28.769,1980.0
USA East,Alan  Jones,Williams Ford,1:34.068,1980.0
USA West,Alan  Jones,Williams Ford,1:20.901,1981.0
Brazil,Marc Surer,Ensign Ford,1:54.302,1981.0
Argentina,Nelson Piquet,Brabham Ford,1:45.287,1981.0
San Marino,Gilles Villeneuve,Ferrari,1:48.064,1981.0
Belgium,Carlos Reutemann,Williams Ford,1:23.300,1981.0
Monaco,Alan  Jones,Williams Ford,1:27.470,1981.0
Spain,Alan  Jones,Williams Ford,1:17.818,1981.0
France,Alain Prost,Renault,1:09.140,1981.0
Great Britain,Rene Arnoux,Renault,1:15.067,1981.0
Germany,Alan  Jones,Williams Ford,1:52.420,1981.0
Austria,Jacques Laffite,Ligier Matra,1:37.620,1981.0
Netherlands,Alan  Jones,Williams Ford,1:21.830,1981.0
Italy,Carlos Reutemann,Williams Ford,1:37.528,1981.0
Canada,John Watson,McLaren Ford,1:49.475,1981.0
Las Vegas,Didier Pironi,Ferrari,1:20.156,1981.0
South Africa,Alain Prost,Renault,1:08.278,1982.0
Brazil,Alain Prost,Renault,1:37.016,1982.0
USA West,Niki Lauda,McLaren Ford,1:30.831,1982.0
San Marino,Didier Pironi,Ferrari,1:35.036,1982.0
Belgium,John Watson,McLaren Ford,1:20.214,1982.0
Monaco,Riccardo Patrese,Brabham Ford,1:26.354,1982.0
Detroit,Alain Prost,Renault,1:50.438,1982.0
Canada,Didier Pironi,Ferrari,1:28.323,1982.0
Netherlands,Derek Warwick,Toleman Hart,1:19.780,1982.0
Great Britain,Brian Henton,Tyrrell Ford,1:13.028,1982.0
France,Riccardo Patrese,Brabham Ford,1:40.075,1982.0
Germany,Nelson Piquet,Brabham Ford,1:54.035,1982.0
Austria,Nelson Piquet,Brabham Ford,1:33.699,1982.0
Switzerland,Alain Prost,Renault,1:07.477,1982.0
Italy,Rene Arnoux,Renault,1:33.619,1982.0
Las Vegas,Michele Alboreto,Tyrrell Ford,1:19.639,1982.0
Brazil,Nelson Piquet,Brabham BMW,1:39.829,1983.0
USA West,Niki Lauda,McLaren TAG,1:28.330,1983.0
France,Alain Prost,Renault,1:42.695,1983.0
San Marino,Riccardo Patrese,Brabham BMW,1:34.437,1983.0
Monaco,Nelson Piquet,Brabham BMW,1:27.283,1983.0
Belgium,Andrea de Cesaris,Alfa Romeo,2:07.493,1983.0
Detroit,John Watson,McLaren TAG,1:47.668,1983.0
Canada,Patrick Tambay,Ferrari,1:30.851,1983.0
Great Britain,Alain Prost,Renault,1:14.212,1983.0
Germany,Rene Arnoux,Ferrari,1:53.938,1983.0
Austria,Alain Prost,Renault,1:33.961,1983.0
Netherlands,Rene Arnoux,Ferrari,1:19.863,1983.0
Italy,Nelson Piquet,Brabham BMW,1:34.431,1983.0
Europe,Nigel Mansell,Lotus Ford,1:14.342,1983.0
South Africa,Nelson Piquet,Brabham BMW,1:09.948,1983.0
Brazil,Alain Prost,McLaren TAG,1:36.499,1984.0
South Africa,Patrick Tambay,Renault,1:08.877,1984.0
Belgium,Rene Arnoux,Ferrari,1:19.294,1984.0
San Marino,Nelson Piquet,Brabham BMW,1:33.275,1984.0
France,Alain Prost,McLaren TAG,1:05.257,1984.0
Monaco,Ayrton Senna,Toleman Hart,1:54.334,1984.0
Canada,Nelson Piquet,Brabham BMW,1:28.763,1984.0
Detroit,Derek Warwick,Renault,1:46.221,1984.0
Dallas,Niki Lauda,McLaren TAG,1:45.353,1984.0
Great Britain,Niki Lauda,McLaren TAG,1:13.191,1984.0
Germany,Alain Prost,McLaren TAG,1:53.538,1984.0
Austria,Niki Lauda,McLaren TAG,1:32.882,1984.0
Netherlands,Rene Arnoux,Ferrari,1:19.465,1984.0
Italy,Niki Lauda,McLaren TAG,1:31.912,1984.0
Europe,Nelson Piquet,Brabham BMW,1:23.146,1984.0
Portugal,Niki Lauda,McLaren TAG,1:22.996,1984.0
Brazil,Alain Prost,McLaren TAG,1:36.702,1985.0
Portugal,Ayrton Senna,Lotus Renault,1:44.121,1985.0
San Marino,Michele Alboreto,Ferrari,1:30.961,1985.0
Monaco,Michele Alboreto,Ferrari,1:22.637,1985.0
Canada,Ayrton Senna,Lotus Renault,1:27.445,1985.0
Detroit,Ayrton Senna,Lotus Renault,1:45.612,1985.0
France,Keke Rosberg,Williams Honda,1:39.914,1985.0
Great Britain,Alain Prost,McLaren TAG,1:09.886,1985.0
Germany,Niki Lauda,McLaren TAG,1:22.806,1985.0
Austria,Alain Prost,McLaren TAG,1:29.241,1985.0
Netherlands,Alain Prost,McLaren TAG,1:16.538,1985.0
Italy,Nigel Mansell,Williams Honda,1:28.283,1985.0
Belgium,Alain Prost,McLaren TAG,2:01.730,1985.0
Europe,Jacques Laffite,Ligier Renault,1:11.526,1985.0
South Africa,Keke Rosberg,Williams Honda,1:08.149,1985.0
Australia,Keke Rosberg,Williams Honda,1:23.758,1985.0
Brazil,Nelson Piquet,Williams Honda,1:33.546,1986.0
Spain,Nigel Mansell,Williams Honda,1:27.176,1986.0
San Marino,Nelson Piquet,Williams Honda,1:28.667,1986.0
Monaco,Alain Prost,McLaren TAG,1:26.607,1986.0
Belgium,Alain Prost,McLaren TAG,1:59.282,1986.0
Canada,Nelson Piquet,Williams Honda,1:25.443,1986.0
Detroit,Nelson Piquet,Williams Honda,1:41.233,1986.0
France,Nigel Mansell,Williams Honda,1:09.993,1986.0
Great Britain,Nigel Mansell,Williams Honda,1:09.593,1986.0
Germany,Gerhard Berger,Benetton BMW,1:46.604,1986.0
Hungary,Nelson Piquet,Williams Honda,1:31.001,1986.0
Austria,Gerhard Berger,Benetton BMW,1:29.444,1986.0
Italy,Teo Fabi,Benetton BMW,1:28.099,1986.0
Portugal,Nigel Mansell,Williams Honda,1:20.943,1986.0
Mexico,Nelson Piquet,Williams Honda,1:19.360,1986.0
Australia,Nelson Piquet,Williams Honda,1:20.787,1986.0
Brazil,Nelson Piquet,Williams Honda,1:33.861,1987.0
San Marino,Teo Fabi,Benetton Ford,1:29.246,1987.0
Belgium,Alain Prost,McLaren TAG,1:57.153,1987.0
Monaco,Ayrton Senna,Lotus Honda,1:27.685,1987.0
Detroit,Ayrton Senna,Lotus Honda,1:40.464,1987.0
France,Nelson Piquet,Williams Honda,1:09.548,1987.0
Great Britain,Nigel Mansell,Williams Honda,1:09.832,1987.0
Germany,Nigel Mansell,Williams Honda,1:45.716,1987.0
Hungary,Nelson Piquet,Williams Honda,1:30.149,1987.0
Austria,Nigel Mansell,Williams Honda,1:28.318,1987.0
Italy,Ayrton Senna,Lotus Honda,1:26.796,1987.0
Portugal,Gerhard Berger,Ferrari,1:19.282,1987.0
Spain,Gerhard Berger,Ferrari,1:26.986,1987.0
Mexico,Nelson Piquet,Williams Honda,1:19.132,1987.0
Japan,Alain Prost,McLaren TAG,1:43.844,1987.0
Australia,Gerhard Berger,Ferrari,1:20.416,1987.0
Brazil,Gerhard Berger,Ferrari,1:32.943,1988.0
San Marino,Alain Prost,McLaren Honda,1:29.685,1988.0
Monaco,Ayrton Senna,McLaren Honda,1:26.321,1988.0
Mexico,Alain Prost,McLaren Honda,1:18.608,1988.0
Canada,Ayrton Senna,McLaren Honda,1:24.973,1988.0
Detroit,Alain Prost,McLaren Honda,1:44.836,1988.0
France,Alain Prost,McLaren Honda,1:11.737,1988.0
Great Britain,Nigel Mansell,Williams Judd,1:23.308,1988.0
Germany,Alessandro Nannini,Benetton Ford,2:03.032,1988.0
Hungary,Alain Prost,McLaren Honda,1:30.639,1988.0
Belgium,Gerhard Berger,Ferrari,2:00.772,1988.0
Italy,Michele Alboreto,Ferrari,1:29.070,1988.0
Portugal,Gerhard Berger,Ferrari,1:21.961,1988.0
Spain,Alain Prost,McLaren Honda,1:27.845,1988.0
Japan,Ayrton Senna,McLaren Honda,1:46.326,1988.0
Australia,Alain Prost,McLaren Honda,1:21.216,1988.0
Brazil,Riccardo Patrese,Williams Renault,1:32.507,1989.0
San Marino,Alain Prost,McLaren Honda,1:26.795,1989.0
Monaco,Alain Prost,McLaren Honda,1:25.501,1989.0
Mexico,Nigel Mansell,Ferrari,1:20.420,1989.0
United States,Ayrton Senna,McLaren Honda,1:33.969,1989.0
Canada,Jonathan  Palmer,Tyrrell Ford,1:31.925,1989.0
France,Mauricio Gugelmin,March Judd,1:12.090,1989.0
Great Britain,Nigel Mansell,Ferrari,1:12.017,1989.0
Germany,Ayrton Senna,McLaren Honda,1:45.884,1989.0
Hungary,Nigel Mansell,Ferrari,1:22.637,1989.0
Belgium,Alain Prost,McLaren Honda,2:11.571,1989.0
Italy,Alain Prost,McLaren Honda,1:28.107,1989.0
Portugal,Gerhard Berger,Ferrari,1:18.986,1989.0
Spain,Ayrton Senna,McLaren Honda,1:25.779,1989.0
Japan,Alain Prost,McLaren Honda,1:43.506,1989.0
Australia,Satoru Nakajima,Lotus Judd,1:38.480,1989.0
United States,Gerhard Berger,McLaren Honda,1:31.050,1990.0
Brazil,Gerhard Berger,McLaren Honda,1:19.899,1990.0
San Marino,Alessandro Nannini,Benetton Ford,1:27.156,1990.0
Monaco,Ayrton Senna,McLaren Honda,1:24.468,1990.0
Canada,Gerhard Berger,McLaren Honda,1:22.077,1990.0
Mexico,Alain Prost,Ferrari,1:17.958,1990.0
France,Nigel Mansell,Ferrari,1:08.012,1990.0
Great Britain,Nigel Mansell,Ferrari,1:11.291,1990.0
Germany,Thierry Boutsen,Williams Renault,1:45.602,1990.0
Hungary,Riccardo Patrese,Williams Renault,1:22.058,1990.0
Belgium,Alain Prost,Ferrari,1:55.087,1990.0
Italy,Ayrton Senna,McLaren Honda,1:26.254,1990.0
Portugal,Riccardo Patrese,Williams Renault,1:18.306,1990.0
Spain,Riccardo Patrese,Williams Renault,1:24.513,1990.0
Japan,Riccardo Patrese,Williams Renault,1:44.233,1990.0
Australia,Nigel Mansell,Ferrari,1:18.203,1990.0
United States,Jean Alesi,Ferrari,1:26.758,1991.0
Brazil,Nigel Mansell,Williams Renault,1:20.436,1991.0
San Marino,Gerhard Berger,McLaren Honda,1:26.531,1991.0
Monaco,Alain Prost,Ferrari,1:24.368,1991.0
Canada,Nigel Mansell,Williams Renault,1:22.385,1991.0
Mexico,Nigel Mansell,Williams Renault,1:16.788,1991.0
France,Nigel Mansell,Williams Renault,1:19.168,1991.0
Great Britain,Nigel Mansell,Williams Renault,1:26.379,1991.0
Germany,Riccardo Patrese,Williams Renault,1:43.569,1991.0
Hungary,Bertrand Gachot,Jordan Ford,1:21.547,1991.0
Belgium,Roberto Moreno,Benetton Ford,1:55.161,1991.0
Italy,Ayrton Senna,McLaren Honda,1:26.061,1991.0
Portugal,Nigel Mansell,Williams Renault,1:18.179,1991.0
Spain,Riccardo Patrese,Williams Renault,1:22.837,1991.0
Japan,Ayrton Senna,McLaren Honda,1:41.532,1991.0
Australia,Gerhard Berger,McLaren Honda,1:41.141,1991.0
South Africa,Nigel Mansell,Williams Renault,1:17.578,1992.0
Mexico,Gerhard Berger,McLaren Honda,1:17.711,1992.0
Brazil,Riccardo Patrese,Williams Renault,1:19.490,1992.0
Spain,Nigel Mansell,Williams Renault,1:42.503,1992.0
San Marino,Riccardo Patrese,Williams Renault,1:26.100,1992.0
Monaco,Nigel Mansell,Williams Renault,1:21.598,1992.0
Canada,Gerhard Berger,McLaren Honda,1:22.325,1992.0
France,Nigel Mansell,Williams Renault,1:17.070,1992.0
Great Britain,Nigel Mansell,Williams Renault,1:22.539,1992.0
Germany,Riccardo Patrese,Williams Renault,1:41.591,1992.0
Hungary,Nigel Mansell,Williams Renault,1:18.308,1992.0
Belgium,Michael Schumacher,Benetton Ford,1:53.791,1992.0
Italy,Nigel Mansell,Williams Renault,1:26.119,1992.0
Portugal,Ayrton Senna,McLaren Honda,1:16.272,1992.0
Japan,Nigel Mansell,Williams Renault,1:40.646,1992.0
Australia,Michael Schumacher,Benetton Ford,1:16.078,1992.0
South Africa,Alain Prost,Williams Renault,1:19.492,1993.0
Brazil,Michael Schumacher,Benetton Ford,1:20.024,1993.0
Europe,Ayrton Senna,McLaren Ford,1:18.029,1993.0
San Marino,Alain Prost,Williams Renault,1:26.128,1993.0
Spain,Michael Schumacher,Benetton Ford,1:20.989,1993.0
Monaco,Alain Prost,Williams Renault,1:23.604,1993.0
Canada,Michael Schumacher,Benetton Ford,1:21.500,1993.0
France,Michael Schumacher,Benetton Ford,1:19.256,1993.0
Great Britain,Damon Hill,Williams Renault,1:22.515,1993.0
Germany,Michael Schumacher,Benetton Ford,1:41.859,1993.0
Hungary,Alain Prost,Williams Renault,1:19.633,1993.0
Belgium,Alain Prost,Williams Renault,1:51.095,1993.0
Italy,Damon Hill,Williams Renault,1:23.575,1993.0
Portugal,Damon Hill,Williams Renault,1:14.859,1993.0
Japan,Alain Prost,Williams Renault,1:41.176,1993.0
Australia,Damon Hill,Williams Renault,1:15.381,1993.0
Brazil,Michael Schumacher,Benetton Ford,1:18.455,1994.0
Pacific,Michael Schumacher,Benetton Ford,1:14.023,1994.0
San Marino,Damon Hill,Williams Renault,1:24.335,1994.0
Monaco,Michael Schumacher,Benetton Ford,1:21.076,1994.0
Spain,Michael Schumacher,Benetton Ford,1:25.155,1994.0
Canada,Michael Schumacher,Benetton Ford,1:28.927,1994.0
France,Damon Hill,Williams Renault,1:19.678,1994.0
Great Britain,Damon Hill,Williams Renault,1:27.100,1994.0
Germany,David Coulthard,Williams Renault,1:46.211,1994.0
Hungary,Michael Schumacher,Benetton Ford,1:20.881,1994.0
Belgium,Damon Hill,Williams Renault,1:57.117,1994.0
Italy,Damon Hill,Williams Renault,1:25.930,1994.0
Portugal,David Coulthard,Williams Renault,1:22.446,1994.0
Europe,Michael Schumacher,Benetton Ford,1:25.040,1994.0
Japan,Damon Hill,Williams Renault,1:56.597,1994.0
Australia,Michael Schumacher,Benetton Ford,1:17.140,1994.0
Brazil,Michael Schumacher,Benetton Renault,1:20.921,1995.0
Argentina,Michael Schumacher,Benetton Renault,1:30.522,1995.0
San Marino,Gerhard Berger,Ferrari,1:29.568,1995.0
Spain,Damon Hill,Williams Renault,1:24.531,1995.0
Monaco,Jean Alesi,Ferrari,1:24.621,1995.0
Canada,Michael Schumacher,Benetton Renault,1:29.174,1995.0
France,Michael Schumacher,Benetton Renault,1:20.218,1995.0
Great Britain,Damon Hill,Williams Renault,1:29.752,1995.0
Germany,Michael Schumacher,Benetton Renault,1:48.824,1995.0
Hungary,Damon Hill,Williams Renault,1:20.247,1995.0
Belgium,David Coulthard,Williams Renault,1:53.412,1995.0
Italy,Gerhard Berger,Ferrari,1:26.419,1995.0
Portugal,David Coulthard,Williams Renault,1:23.220,1995.0
Europe,Michael Schumacher,Benetton Renault,1:21.180,1995.0
Pacific,Michael Schumacher,Benetton Renault,1:16.374,1995.0
Japan,Michael Schumacher,Benetton Renault,1:42.976,1995.0
Australia,Damon Hill,Williams Renault,1:17.943,1995.0
Australia,Jacques Villeneuve,Williams Renault,1:33.421,1996.0
Brazil,Damon Hill,Williams Renault,1:21.547,1996.0
Argentina,Jean Alesi,Benetton Renault,1:29.413,1996.0
Europe,Damon Hill,Williams Renault,1:21.363,1996.0
San Marino,Damon Hill,Williams Renault,1:28.931,1996.0
Monaco,Jean Alesi,Benetton Renault,1:25.205,1996.0
Spain,Michael Schumacher,Ferrari,1:45.517,1996.0
Canada,Jacques Villeneuve,Williams Renault,1:21.916,1996.0
France,Jacques Villeneuve,Williams Renault,1:18.610,1996.0
Great Britain,Jacques Villeneuve,Williams Renault,1:29.288,1996.0
Germany,Damon Hill,Williams Renault,1:46.504,1996.0
Hungary,Damon Hill,Williams Renault,1:20.093,1996.0
Belgium,Gerhard Berger,Benetton Renault,1:53.067,1996.0
Italy,Michael Schumacher,Ferrari,1:26.110,1996.0
Portugal,Jacques Villeneuve,Williams Renault,1:22.873,1996.0
Japan,Jacques Villeneuve,Williams Renault,1:44.043,1996.0
Australia,Heinz-Harald Frentzen,Williams Renault,1:30.585,1997.0
Brazil,Jacques Villeneuve,Williams Renault,1:18.397,1997.0
Argentina,Gerhard Berger,Benetton Renault,1:27.981,1997.0
San Marino,Heinz-Harald Frentzen,Williams Renault,1:25.531,1997.0
Monaco,Michael Schumacher,Ferrari,1:53.315,1997.0
Spain,Giancarlo Fisichella,Jordan Peugeot,1:22.242,1997.0
Canada,David Coulthard,McLaren Mercedes,1:19.635,1997.0
France,Michael Schumacher,Ferrari,1:17.910,1997.0
Great Britain,Michael Schumacher,Ferrari,1:24.475,1997.0
Germany,Gerhard Berger,Benetton Renault,1:45.747,1997.0
Hungary,Heinz-Harald Frentzen,Williams Renault,1:18.372,1997.0
Belgium,Jacques Villeneuve,Williams Renault,1:52.692,1997.0
Italy,Mika Hakkinen,McLaren Mercedes,1:24.808,1997.0
Austria,Jacques Villeneuve,Williams Renault,1:11.814,1997.0
Luxembourg,Heinz-Harald Frentzen,Williams Renault,1:18.805,1997.0
Japan,Heinz-Harald Frentzen,Williams Renault,1:38.942,1997.0
Europe,Heinz-Harald Frentzen,Williams Renault,1:23.135,1997.0
Australia,Mika Hakkinen,McLaren Mercedes,1:31.649,1998.0
Brazil,Mika Hakkinen,McLaren Mercedes,1:19.337,1998.0
Argentina,Alexander Wurz,Benetton Playlife,1:28.179,1998.0
San Marino,Michael Schumacher,Ferrari,1:29.345,1998.0
Spain,Mika Hakkinen,McLaren Mercedes,1:24.275,1998.0
Monaco,Mika Hakkinen,McLaren Mercedes,1:22.948,1998.0
Canada,Michael Schumacher,Ferrari,1:19.379,1998.0
France,David Coulthard,McLaren Mercedes,1:17.523,1998.0
Great Britain,Michael Schumacher,Ferrari,1:35.704,1998.0
Austria,David Coulthard,McLaren Mercedes,1:12.878,1998.0
Germany,David Coulthard,McLaren Mercedes,1:46.116,1998.0
Hungary,Michael Schumacher,Ferrari,1:19.286,1998.0
Belgium,Michael Schumacher,Ferrari,2:03.766,1998.0
Italy,Mika Hakkinen,McLaren Mercedes,1:25.139,1998.0
Luxembourg,Mika Hakkinen,McLaren Mercedes,1:20.450,1998.0
Japan,Michael Schumacher,Ferrari,1:40.190,1998.0
Australia,Michael Schumacher,Ferrari,1:32.112,1999.0
Brazil,Mika Hakkinen,McLaren Mercedes,1:18.448,1999.0
San Marino,Michael Schumacher,Ferrari,1:28.547,1999.0
Monaco,Mika Hakkinen,McLaren Mercedes,1:22.259,1999.0
Spain,Michael Schumacher,Ferrari,1:24.982,1999.0
Canada,Eddie Irvine,Ferrari,1:20.382,1999.0
France,David Coulthard,McLaren Mercedes,1:19.227,1999.0
Great Britain,Mika Hakkinen,McLaren Mercedes,1:28.309,1999.0
Austria,Mika Hakkinen,McLaren Mercedes,1:12.107,1999.0
Germany,David Coulthard,McLaren Mercedes,1:45.270,1999.0
Hungary,David Coulthard,McLaren Mercedes,1:20.699,1999.0
Belgium,Mika Hakkinen,McLaren Mercedes,1:53.955,1999.0
Italy,Ralf Schumacher,Williams Supertec,1:25.579,1999.0
Europe,Mika Hakkinen,McLaren Mercedes,1:21.282,1999.0
Malaysia,Heinz-Harald Frentzen,Jordan Mugen Honda,1:40.631,1999.0
Japan,Michael Schumacher,Ferrari,1:41.319,1999.0
Australia,Rubens Barrichello,Ferrari,1:31.481,2000.0
Brazil,Michael Schumacher,Ferrari,1:14.755,2000.0
San Marino,Mika Hakkinen,McLaren Mercedes,1:26.523,2000.0
Great Britain,Mika Hakkinen,McLaren Mercedes,1:26.217,2000.0
Spain,Mika Hakkinen,McLaren Mercedes,1:24.470,2000.0
Europe,Michael Schumacher,Ferrari,1:22.269,2000.0
Monaco,Mika Hakkinen,McLaren Mercedes,1:21.571,2000.0
Canada,Mika Hakkinen,McLaren Mercedes,1:19.049,2000.0
France,David Coulthard,McLaren Mercedes,1:19.479,2000.0
Austria,David Coulthard,McLaren Mercedes,1:11.783,2000.0
Germany,Rubens Barrichello,Ferrari,1:44.300,2000.0
Hungary,Mika Hakkinen,McLaren Mercedes,1:20.028,2000.0
Belgium,Rubens Barrichello,Ferrari,1:53.803,2000.0
Italy,Mika Hakkinen,McLaren Mercedes,1:25.595,2000.0
United States,David Coulthard,McLaren Mercedes,1:14.711,2000.0
Japan,Mika Hakkinen,McLaren Mercedes,1:39.189,2000.0
Malaysia,Mika Hakkinen,McLaren Mercedes,1:38.543,2000.0
Australia,Michael Schumacher,Ferrari,1:28.214,2001.0
Malaysia,Mika Hakkinen,McLaren Mercedes,1:40.962,2001.0
Brazil,Ralf Schumacher,Williams BMW,1:15.693,2001.0
San Marino,Ralf Schumacher,Williams BMW,1:25.524,2001.0
Spain,Michael Schumacher,Ferrari,1:21.151,2001.0
Austria,David Coulthard,McLaren Mercedes,1:10.843,2001.0
Monaco,David Coulthard,McLaren Mercedes,1:19.424,2001.0
Canada,Ralf Schumacher,Williams BMW,1:17.205,2001.0
Europe,Juan Pablo Montoya,Williams BMW,1:18.354,2001.0
France,David Coulthard,McLaren Mercedes,1:16.088,2001.0
Great Britain,Mika Hakkinen,McLaren Mercedes,1:23.405,2001.0
Germany,Juan Pablo Montoya,Williams BMW,1:41.808,2001.0
Hungary,Mika Hakkinen,McLaren Mercedes,1:16.723,2001.0
Belgium,Michael Schumacher,Ferrari,1:49.758,2001.0
Italy,Ralf Schumacher,Williams BMW,1:25.073,2001.0
United States,Juan Pablo Montoya,Williams BMW,1:14.448,2001.0
Japan,Ralf Schumacher,Williams BMW,1:36.944,2001.0
Australia,Kimi Rдikkцnen,McLaren Mercedes,1:28.541,2002.0
Malaysia,Juan Pablo Montoya,Williams BMW,1:38.049,2002.0
Brazil,Juan Pablo Montoya,Williams BMW,1:16.079,2002.0
San Marino,Rubens Barrichello,Ferrari,1:24.170,2002.0
Spain,Michael Schumacher,Ferrari,1:20.355,2002.0
Austria,Michael Schumacher,Ferrari,1:09.298,2002.0
Monaco,Rubens Barrichello,Ferrari,1:18.023,2002.0
Canada,Juan Pablo Montoya,Williams BMW,1:15.960,2002.0
Europe,Michael Schumacher,Ferrari,1:32.226,2002.0
Great Britain,Rubens Barrichello,Ferrari,1:23.083,2002.0
France,David Coulthard,McLaren Mercedes,1:15.045,2002.0
Germany,Michael Schumacher,Ferrari,1:16.462,2002.0
Hungary,Michael Schumacher,Ferrari,1:16.207,2002.0
Belgium,Michael Schumacher,Ferrari,1:47.176,2002.0
Italy,Rubens Barrichello,Ferrari,1:23.657,2002.0
United States,Rubens Barrichello,Ferrari,1:12.738,2002.0
Japan,Michael Schumacher,Ferrari,1:36.125,2002.0
Australia,Kimi Rдikkцnen,McLaren Mercedes,1:27.724,2003.0
Malaysia,Michael Schumacher,Ferrari,1:36.412,2003.0
Brazil,Rubens Barrichello,Ferrari,1:22.032,2003.0
San Marino,Michael Schumacher,Ferrari,1:22.491,2003.0
Spain,Rubens Barrichello,Ferrari,1:20.143,2003.0
Austria,Michael Schumacher,Ferrari,1:08.337,2003.0
Monaco,Kimi Rдikkцnen,McLaren Mercedes,1:14.545,2003.0
Canada,Fernando Alonso,Renault,1:16.040,2003.0
Europe,Kimi Rдikkцnen,McLaren Mercedes,1:32.621,2003.0
France,Juan Pablo Montoya,Williams BMW,1:15.512,2003.0
Great Britain,Rubens Barrichello,Ferrari,1:22.236,2003.0
Germany,Juan Pablo Montoya,Williams BMW,1:14.917,2003.0
Hungary,Juan Pablo Montoya,Williams BMW,1:22.095,2003.0
Italy,Michael Schumacher,Ferrari,1:21.832,2003.0
United States,Michael Schumacher,Ferrari,1:11.473,2003.0
Japan,Ralf Schumacher,Williams BMW,1:33.408,2003.0
Australia,Michael Schumacher,Ferrari,1:24.125,2004.0
Malaysia,Juan Pablo Montoya,Williams BMW,1:34.223,2004.0
Bahrain,Michael Schumacher,Ferrari,1:30.252,2004.0
San Marino,Michael Schumacher,Ferrari,1:20.411,2004.0
Spain,Michael Schumacher,Ferrari,1:17.450,2004.0
Monaco,Michael Schumacher,Ferrari,1:14.439,2004.0
Europe,Michael Schumacher,Ferrari,1:29.468,2004.0
Canada,Rubens Barrichello,Ferrari,1:13.622,2004.0
United States,Rubens Barrichello,Ferrari,1:10.399,2004.0
France,Michael Schumacher,Ferrari,1:15.377,2004.0
Great Britain,Michael Schumacher,Ferrari,1:18.739,2004.0
Germany,Kimi Rдikkцnen,McLaren Mercedes,1:13.780,2004.0
Hungary,Michael Schumacher,Ferrari,1:19.071,2004.0
Belgium,Kimi Rдikkцnen,McLaren Mercedes,1:45.108,2004.0
Italy,Rubens Barrichello,Ferrari,1:21.046,2004.0
China,Michael Schumacher,Ferrari,1:32.238,2004.0
Japan,Rubens Barrichello,Ferrari,1:32.730,2004.0
Brazil,Juan Pablo Montoya,Williams BMW,1:11.473,2004.0
Australia,Fernando Alonso,Renault,1:25.683,2005.0
Malaysia,Kimi Rдikkцnen,McLaren Mercedes,1:35.483,2005.0
Bahrain,Pedro de la Rosa,McLaren Mercedes,1:31.447,2005.0
San Marino,Michael Schumacher,Ferrari,1:21.858,2005.0
Spain,Giancarlo Fisichella,Renault,1:15.641,2005.0
Monaco,Michael Schumacher,Ferrari,1:15.842,2005.0
Europe,Fernando Alonso,Renault,1:30.711,2005.0
Canada,Kimi Rдikkцnen,McLaren Mercedes,1:14.384,2005.0
United States,Michael Schumacher,Ferrari,1:11.497,2005.0
France,Kimi Rдikkцnen,McLaren Mercedes,1:16.423,2005.0
Great Britain,Kimi Rдikkцnen,McLaren Mercedes,1:20.502,2005.0
Germany,Kimi Rдikkцnen,McLaren Mercedes,1:14.873,2005.0
Hungary,Kimi Rдikkцnen,McLaren Mercedes,1:21.219,2005.0
Turkey,Juan Pablo Montoya,McLaren Mercedes,1:24.770,2005.0
Italy,Kimi Rдikkцnen,McLaren Mercedes,1:21.504,2005.0
Belgium,Ralf Schumacher,Toyota,1:51.453,2005.0
Brazil,Kimi Rдikkцnen,McLaren Mercedes,1:12.268,2005.0
Japan,Kimi Rдikkцnen,McLaren Mercedes,1:31.540,2005.0
China,Kimi Rдikkцnen,McLaren Mercedes,1:33.242,2005.0
Bahrain,Nico Rosberg,Williams Cosworth,1:32.408,2006.0
Malaysia,Fernando Alonso,Renault,1:34.803,2006.0
Australia,Kimi Rдikkцnen,McLaren Mercedes,1:26.045,2006.0
San Marino,Fernando Alonso,Renault,1:24.569,2006.0
Europe,Michael Schumacher,Ferrari,1:32.099,2006.0
Spain,Felipe Massa,Ferrari,1:16.648,2006.0
Monaco,Michael Schumacher,Ferrari,1:15.143,2006.0
Great Britain,Fernando Alonso,Renault,1:21.599,2006.0
Canada,Kimi Rдikkцnen,McLaren Mercedes,1:15.841,2006.0
United States,Michael Schumacher,Ferrari,1:12.719,2006.0
France,Michael Schumacher,Ferrari,1:17.111,2006.0
Germany,Michael Schumacher,Ferrari,1:16.357,2006.0
Hungary,Felipe Massa,Ferrari,1:23.516,2006.0
Turkey,Michael Schumacher,Ferrari,1:28.005,2006.0
Italy,Kimi Rдikkцnen,McLaren Mercedes,1:22.559,2006.0
China,Fernando Alonso,Renault,1:37.586,2006.0
Japan,Fernando Alonso,Renault,1:32.676,2006.0
Brazil,Michael Schumacher,Ferrari,1:12.162,2006.0
Australia,Kimi Rдikkцnen,Ferrari,1:25.235,2007.0
Malaysia,Lewis Hamilton,McLaren Mercedes,1:36.701,2007.0
Bahrain,Felipe Massa,Ferrari,1:34.067,2007.0
Spain,Felipe Massa,Ferrari,1:22.680,2007.0
Monaco,Fernando Alonso,McLaren Mercedes,1:15.284,2007.0
Canada,Fernando Alonso,McLaren Mercedes,1:16.367,2007.0
United States,Kimi Rдikkцnen,Ferrari,1:13.117,2007.0
France,Felipe Massa,Ferrari,1:16.099,2007.0
Great Britain,Kimi Rдikkцnen,Ferrari,1:20.638,2007.0
Europe,Felipe Massa,Ferrari,1:32.853,2007.0
Hungary,Kimi Rдikkцnen,Ferrari,1:20.047,2007.0
Turkey,Kimi Rдikkцnen,Ferrari,1:27.295,2007.0
Italy,Fernando Alonso,McLaren Mercedes,1:22.871,2007.0
Belgium,Felipe Massa,Ferrari,1:48.036,2007.0
Japan,Lewis Hamilton,McLaren Mercedes,1:28.193,2007.0
China,Felipe Massa,Ferrari,1:37.454,2007.0
Brazil,Kimi Rдikkцnen,Ferrari,1:12.445,2007.0
Australia,Heikki Kovalainen,McLaren Mercedes,1:27.418,2008.0
Malaysia,Nick Heidfeld,Sauber BMW,1:35.366,2008.0
Bahrain,Heikki Kovalainen,McLaren Mercedes,1:33.193,2008.0
Spain,Kimi Rдikkцnen,Ferrari,1:21.670,2008.0
Turkey,Kimi Rдikkцnen,Ferrari,1:26.506,2008.0
Monaco,Kimi Rдikkцnen,Ferrari,1:16.689,2008.0
Canada,Kimi Rдikkцnen,Ferrari,1:17.387,2008.0
France,Kimi Rдikkцnen,Ferrari,1:16.630,2008.0
Great Britain,Kimi Rдikkцnen,Ferrari,1:32.150,2008.0
Germany,Nick Heidfeld,Sauber BMW,1:15.987,2008.0
Hungary,Kimi Rдikkцnen,Ferrari,1:21.195,2008.0
Europe,Felipe Massa,Ferrari,1:38.708,2008.0
Belgium,Kimi Rдikkцnen,Ferrari,1:47.930,2008.0
Italy,Kimi Rдikkцnen,Ferrari,1:28.047,2008.0
Singapore,Kimi Rдikkцnen,Ferrari,1:45.599,2008.0
Japan,Felipe Massa,Ferrari,1:18.426,2008.0
China,Lewis Hamilton,McLaren Mercedes,1:36.325,2008.0
Brazil,Felipe Massa,Ferrari,1:13.736,2008.0
Australia,Nico Rosberg,Williams Toyota,1:27.706,2009.0
Malaysia,Jenson Button,Brawn Mercedes,1:36.641,2009.0
China,Rubens Barrichello,Brawn Mercedes,1:52.592,2009.0
Bahrain,Jarno Trulli,Toyota,1:34.556,2009.0
Spain,Rubens Barrichello,Brawn Mercedes,1:22.762,2009.0
Monaco,Felipe Massa,Ferrari,1:15.154,2009.0
Turkey,Jenson Button,Brawn Mercedes,1:27.579,2009.0
Great Britain,Sebastian Vettel,RBR Renault,1:20.735,2009.0
Germany,Fernando Alonso,Renault,1:33.365,2009.0
Hungary,Mark Webber,RBR Renault,1:21.931,2009.0
Europe,Timo Glock,Toyota,1:38.683,2009.0
Belgium,Sebastian Vettel,RBR Renault,1:47.263,2009.0
Italy,Adrian Sutil,Force India Mercedes,1:24.739,2009.0
Singapore,Fernando Alonso,Renault,1:48.240,2009.0
Japan,Mark Webber,RBR Renault,1:32.569,2009.0
Brazil,Mark Webber,RBR Renault,1:13.733,2009.0
Abu Dhabi,Sebastian Vettel,RBR Renault,1:40.279,2009.0
Bahrain,Fernando Alonso,Ferrari,1:58.287,2010.0
Australia,Mark Webber,RBR Renault,1:28.358,2010.0
Malaysia,Mark Webber,RBR Renault,1:37.054,2010.0
China,Lewis Hamilton,McLaren Mercedes,1:42.061,2010.0
Spain,Lewis Hamilton,McLaren Mercedes,1:24.357,2010.0
Monaco,Sebastian Vettel,RBR Renault,1:15.192,2010.0
Turkey,Vitaly Petrov,Renault,1:29.165,2010.0
Canada,Robert Kubica,Renault,1:16.972,2010.0
Europe,Jenson Button,McLaren Mercedes,1:38.766,2010.0
Great Britain,Fernando Alonso,Ferrari,1:30.874,2010.0
Germany,Sebastian Vettel,RBR Renault,1:15.824,2010.0
Hungary,Sebastian Vettel,RBR Renault,1:22.362,2010.0
Belgium,Lewis Hamilton,McLaren Mercedes,1:49.069,2010.0
Italy,Fernando Alonso,Ferrari,1:24.139,2010.0
Singapore,Fernando Alonso,Ferrari,1:47.976,2010.0
Japan,Mark Webber,RBR Renault,1:33.474,2010.0
South Korea,Fernando Alonso,Ferrari,1:50.257,2010.0
Brazil,Lewis Hamilton,McLaren Mercedes,1:13.851,2010.0
Abu Dhabi,Lewis Hamilton,McLaren Mercedes,1:41.274,2010.0
Australia,Felipe Massa,Ferrari,1:28.947,2011.0
Malaysia,Mark Webber,Red Bull Racing Renault,1:40.571,2011.0
China,Mark Webber,Red Bull Racing Renault,1:38.993,2011.0
Turkey,Mark Webber,Red Bull Racing Renault,1:29.703,2011.0
Spain,Lewis Hamilton,McLaren Mercedes,1:26.727,2011.0
Monaco,Mark Webber,Red Bull Racing Renault,1:16.234,2011.0
Canada,Jenson Button,McLaren Mercedes,1:16.956,2011.0
Europe,Sebastian Vettel,Red Bull Racing Renault,1:41.852,2011.0
Great Britain,Fernando Alonso,Ferrari,1:34.908,2011.0
Germany,Lewis Hamilton,McLaren Mercedes,1:34.302,2011.0
Hungary,Felipe Massa,Ferrari,1:23.415,2011.0
Belgium,Mark Webber,Red Bull Racing Renault,1:49.883,2011.0
Italy,Lewis Hamilton,McLaren Mercedes,1:26.187,2011.0
Singapore,Jenson Button,McLaren Mercedes,1:48.454,2011.0
Japan,Jenson Button,McLaren Mercedes,1:36.568,2011.0
South Korea,Sebastian Vettel,Red Bull Racing Renault,1:39.605,2011.0
India,Sebastian Vettel,Red Bull Racing Renault,1:27.249,2011.0
Abu Dhabi,Mark Webber,Red Bull Racing Renault,1:42.612,2011.0
Brazil,Mark Webber,Red Bull Racing Renault,1:15.324,2011.0
Australia,Jenson Button,McLaren Mercedes,1:29.187,2012.0
Malaysia,Kimi Rдikkцnen,Lotus Renault,1:40.722,2012.0
China,Kamui Kobayashi,Sauber Ferrari,1:39.960,2012.0
Bahrain,Sebastian Vettel,Red Bull Racing Renault,1:36.379,2012.0
Spain,Romain Grosjean,Lotus Renault,1:26.250,2012.0
Monaco,Sergio Perez,Sauber Ferrari,1:17.296,2012.0
Canada,Sebastian Vettel,Red Bull Racing Renault,1:15.752,2012.0
Europe,Nico Rosberg,Mercedes,1:42.163,2012.0
Great Britain,Kimi Rдikkцnen,Lotus Renault,1:34.661,2012.0
Germany,Michael Schumacher,Mercedes,1:18.725,2012.0
Hungary,Sebastian Vettel,Red Bull Racing Renault,1:24.136,2012.0
Belgium,Bruno Senna,Williams Renault,1:52.822,2012.0
Italy,Nico Rosberg,Mercedes,1:27.239,2012.0
Singapore,Nico Hulkenberg,Force India Mercedes,1:51.033,2012.0
Japan,Sebastian Vettel,Red Bull Racing Renault,1:35.774,2012.0
South Korea,Mark Webber,Red Bull Racing Renault,1:42.037,2012.0
India,Jenson Button,McLaren Mercedes,1:28.203,2012.0
Abu Dhabi,Sebastian Vettel,Red Bull Racing Renault,1:43.964,2012.0
United States,Sebastian Vettel,Red Bull Racing Renault,1:39.347,2012.0
Brazil,Lewis Hamilton,McLaren Mercedes,1:18.069,2012.0
Australia,Kimi Rдikkцnen,Lotus Renault,1:29.274,2013.0
Malaysia,Sergio Perez,McLaren Mercedes,1:39.199,2013.0
China,Sebastian Vettel,Red Bull Racing Renault,1:36.808,2013.0
Bahrain,Sebastian Vettel,Red Bull Racing Renault,1:36.961,2013.0
Spain,Esteban Gutierrez ,Sauber Ferrari,1:26.217,2013.0
Monaco,Sebastian Vettel,Red Bull Racing Renault,1:16.577,2013.0
Canada,Mark Webber,Red Bull Racing Renault,1:16.182,2013.0
Great Britain,Mark Webber,Red Bull Racing Renault,1:33.401,2013.0
Germany,Fernando Alonso,Ferrari,1:33.468,2013.0
Hungary,Mark Webber,Red Bull Racing Renault,1:24.069,2013.0
Belgium,Sebastian Vettel,Red Bull Racing Renault,1:50.756,2013.0
Italy,Lewis Hamilton,Mercedes,1:25.849,2013.0
Singapore,Sebastian Vettel,Red Bull Racing Renault,1:48.574,2013.0
South Korea,Sebastian Vettel,Red Bull Racing Renault,1:41.380,2013.0
Japan,Mark Webber,Red Bull Racing Renault,1:34.587,2013.0
India,Kimi Rдikkцnen,Lotus Renault,1:27.679,2013.0
Abu Dhabi,Fernando Alonso,Ferrari,1:43.434,2013.0
United States,Sebastian Vettel,Red Bull Racing Renault,1:39.856,2013.0
Brazil,Mark Webber,Red Bull Racing Renault,1:15.436,2013.0
Australia,Nico Rosberg,Mercedes,1:32.478,2014.0
Malaysia,Lewis Hamilton,Mercedes,1:43.066,2014.0
Bahrain,Nico Rosberg,Mercedes,1:37.020,2014.0
China,Nico Rosberg,Mercedes,1:40.402,2014.0
Spain,Sebastian Vettel,Red Bull Racing Renault,1:28.918,2014.0
Monaco,Kimi Rдikkцnen,Ferrari,1:18.479,2014.0
Canada,Felipe Massa,Williams Mercedes,1:18.504,2014.0
Austria,Sergio Perez,Force India Mercedes,1:12.142,2014.0
Great Britain,Lewis Hamilton,Mercedes,1:37.176,2014.0
Germany,Lewis Hamilton,Mercedes,1:19.908,2014.0
Hungary,Nico Rosberg,Mercedes,1:25.724,2014.0
Belgium,Nico Rosberg,Mercedes,1:50.511,2014.0
Italy,Lewis Hamilton,Mercedes,1:28.004,2014.0
Singapore,Lewis Hamilton,Mercedes,1:50.417,2014.0
Japan,Lewis Hamilton,Mercedes,1:51.600,2014.0
Russia,Valtteri Bottas,Williams Mercedes,1:40.896,2014.0
United States,Sebastian Vettel,Red Bull Racing Renault,1:41.379,2014.0
Brazil,Lewis Hamilton,Mercedes,1:13.555,2014.0
Abu Dhabi,Daniel Ricciardo,Red Bull Racing Renault,1:44.496,2014.0
Australia,Lewis Hamilton,Mercedes,1:30.945,2015.0
Malaysia,Nico Rosberg,Mercedes,1:42.062,2015.0
China,Lewis Hamilton,Mercedes,1:42.208,2015.0
Bahrain,Kimi Rдikkцnen,Ferrari,1:36.311,2015.0
Spain,Lewis Hamilton,Mercedes,1:28.270,2015.0
Monaco,Daniel Ricciardo,Red Bull Racing Renault,1:18.063,2015.0
Canada,Kimi Rдikkцnen,Ferrari,1:16.987,2015.0
Austria,Nico Rosberg,Mercedes,1:11.235,2015.0
Great Britain,Lewis Hamilton,Mercedes,1:37.093,2015.0
Hungary,Daniel Ricciardo,Red Bull Racing Renault,1:24.821,2015.0
Belgium,Nico Rosberg,Mercedes,1:52.416,2015.0
Italy,Lewis Hamilton,Mercedes,1:26.672,2015.0
Singapore,Daniel Ricciardo,Red Bull Racing Renault,1:50.041,2015.0
Japan,Lewis Hamilton,Mercedes,1:36.145,2015.0
Russia,Sebastian Vettel,Ferrari,1:40.071,2015.0
United States,Nico Rosberg,Mercedes,1:40.666,2015.0
Mexico,Nico Rosberg,Mercedes,1:20.521,2015.0
Brazil,Lewis Hamilton,Mercedes,1:14.832,2015.0
Abu Dhabi,Lewis Hamilton,Mercedes,1:44.517,2015.0
Australia,Daniel Ricciardo,Red Bull Racing TAG Heuer,1:28.997,2016.0
Bahrain,Nico Rosberg,Mercedes,1:34.482,2016.0
China,Nico Hulkenberg,Force India Mercedes,1:39.824,2016.0
Russia,Nico Rosberg,Mercedes,1:39.094,2016.0
Spain,Daniil Kvyat,Toro Rosso Ferrari,1:26.948,2016.0
Monaco,Lewis Hamilton,Mercedes,1:17.939,2016.0
Canada,Nico Rosberg,Mercedes,1:15.599,2016.0
Europe,Nico Rosberg,Mercedes,1:46.485,2016.0
Austria,Lewis Hamilton,Mercedes,1:08.411,2016.0
Great Britain,Nico Rosberg,Mercedes,1:35.548,2016.0
Hungary,Kimi Rдikkцnen,Ferrari,1:23.086,2016.0
Germany,Daniel Ricciardo,Red Bull Racing TAG Heuer,1:18.442,2016.0
Belgium,Lewis Hamilton,Mercedes,1:51.583,2016.0
Italy,Fernando Alonso,McLaren Honda,1:25.340,2016.0
Singapore,Daniel Ricciardo,Red Bull Racing TAG Heuer,1:47.187,2016.0
Malaysia,Nico Rosberg,Mercedes,1:36.424,2016.0
Japan,Sebastian Vettel,Ferrari,1:35.118,2016.0
United States,Sebastian Vettel,Ferrari,1:39.877,2016.0
Mexico,Daniel Ricciardo,Red Bull Racing TAG Heuer,1:21.134,2016.0
Brazil,Max Verstappen,Red Bull Racing TAG Heuer,1:25.305,2016.0
Abu Dhabi,Sebastian Vettel,Ferrari,1:43.729,2016.0
Australia,Kimi Rдikkцnen,Ferrari,1:26.538,2017.0
China,Lewis Hamilton,Mercedes,1:35.378,2017.0
Bahrain,Lewis Hamilton,Mercedes,1:32.798,2017.0
Russia,Kimi Rдikkцnen,Ferrari,1:36.844,2017.0
Spain,Lewis Hamilton,Mercedes,1:23.593,2017.0
Monaco,Sergio Perez,Force India Mercedes,1:14.820,2017.0
Canada,Lewis Hamilton,Mercedes,1:14.551,2017.0
Azerbaijan,Sebastian Vettel,Ferrari,1:43.441,2017.0
Austria,Lewis Hamilton,Mercedes,1:07.411,2017.0
Great Britain,Lewis Hamilton,Mercedes,1:30.621,2017.0
Hungary,Fernando Alonso,McLaren Honda,1:20.182,2017.0
Belgium,Sebastian Vettel,Ferrari,1:46.577,2017.0
Italy,Daniel Ricciardo,Red Bull Racing TAG Heuer,1:23.361,2017.0
Singapore,Lewis Hamilton,Mercedes,1:45.008,2017.0
Malaysia,Sebastian Vettel,Ferrari,1:34.080,2017.0
Japan,Valtteri Bottas,Mercedes,1:33.144,2017.0
United States,Sebastian Vettel,Ferrari,1:37.766,2017.0
Mexico,Sebastian Vettel,Ferrari,1:18.785,2017.0
Brazil,Max Verstappen,Red Bull Racing TAG Heuer,1:11.044,2017.0
Abu Dhabi,Valtteri Bottas,Mercedes,1:40.650,2017.0
Australia,Daniel Ricciardo,Red Bull Racing TAG Heuer,1:25.945,2018.0
Bahrain,Valtteri Bottas,Mercedes,1:33.740,2018.0
China,Daniel Ricciardo,Red Bull Racing TAG Heuer,1:35.785,2018.0
Azerbaijan,Valtteri Bottas,Mercedes,1:45.149,2018.0
Spain,Daniel Ricciardo,Red Bull Racing TAG Heuer,1:18.441,2018.0
Monaco,Max Verstappen,Red Bull Racing TAG Heuer,1:14.260,2018.0
Canada,Max Verstappen,Red Bull Racing TAG Heuer,1:13.864,2018.0
France,Valtteri Bottas,Mercedes,1:34.225,2018.0
Austria,Kimi Rдikkцnen,Ferrari,1:06.957,2018.0
Great Britain,Sebastian Vettel,Ferrari,1:30.696,2018.0
Germany,Lewis Hamilton,Mercedes,1:15.545,2018.0
Hungary,Daniel Ricciardo,Red Bull Racing TAG Heuer,1:20.012,2018.0
Belgium,Valtteri Bottas,Mercedes,1:46.286,2018.0
Italy,Lewis Hamilton,Mercedes,1:22.497,2018.0
Singapore,Kevin Magnussen,Haas Ferrari,1:41.905,2018.0
Russia,Valtteri Bottas,Mercedes,1:35.861,2018.0
Japan,Sebastian Vettel,Ferrari,1:32.318,2018.0
United States,Lewis Hamilton,Mercedes,1:37.392,2018.0
Mexico,Valtteri Bottas,Mercedes,1:18.741,2018.0
Brazil,Valtteri Bottas,Mercedes,1:10.540,2018.0
Abu Dhabi,Sebastian Vettel,Ferrari,1:40.867,2018.0
Australia,Valtteri Bottas,Mercedes,1:25.580,2019.0
Bahrain,Charles Leclerc,Ferrari,1:33.411,2019.0
China,Pierre Gasly,Red Bull Racing Honda,1:34.742,2019.0
Azerbaijan,Charles Leclerc,Ferrari,1:43.009,2019.0
Spain,Lewis Hamilton,Mercedes,1:18.492,2019.0
Monaco,Pierre Gasly,Red Bull Racing Honda,1:14.279,2019.0
Canada,Valtteri Bottas,Mercedes,1:13.078,2019.0
France,Sebastian Vettel,Ferrari,1:32.740,2019.0
Austria,Max Verstappen,Red Bull Racing Honda,1:07.475,2019.0
Great Britain,Lewis Hamilton,Mercedes,1:27.369,2019.0
Germany,Max Verstappen,Red Bull Racing Honda,1:16.645,2019.0
Hungary,Max Verstappen,Red Bull Racing Honda,1:17.103,2019.0
Belgium,Sebastian Vettel,Ferrari,1:46.409,2019.0
Italy,Lewis Hamilton,Mercedes,1:21.779,2019.0
Singapore,Kevin Magnussen,Haas Ferrari,1:42.301,2019.0
Russia,Lewis Hamilton,Mercedes,1:35.761,2019.0
Japan,Lewis Hamilton,Mercedes,1:30.983,2019.0
Mexico,Charles Leclerc,Ferrari,1:19.232,2019.0
United States,Charles Leclerc,Ferrari,1:36.169,2019.0
Brazil,Valtteri Bottas,Mercedes,1:10.698,2019.0
Abu Dhabi,Lewis Hamilton,Mercedes,1:39.283,2019.0
Austria,Lando Norris,McLaren Renault,1:07.475,2020.0
Styria,Carlos Sainz,McLaren Renault,1:05.619,2020.0
Hungary,Lewis Hamilton,Mercedes,1:16.627,2020.0
Great Britain,Max Verstappen,Red Bull Racing Honda,1:27.097,2020.0
70th Anniversary,Lewis Hamilton,Mercedes,1:28.451,2020.0
Spain,Valtteri Bottas,Mercedes,1:18.183,2020.0
Belgium,Daniel Ricciardo,Renault,1:47.483,2020.0
Italy,Lewis Hamilton,Mercedes,1:22.746,2020.0
Tuscany,Lewis Hamilton,Mercedes,1:18.833,2020.0
Russia,Valtteri Bottas,Mercedes,1:37.030,2020.0
Eifel,Max Verstappen,Red Bull Racing Honda,1:28.139,2020.0
Portugal,Lewis Hamilton,Mercedes,1:18.750,2020.0
Emilia Romagna,Lewis Hamilton,Mercedes,1:15.484,2020.0
Turkey,Lando Norris,McLaren Renault,1:36.806,2020.0
Bahrain,Max Verstappen,Red Bull Racing Honda,1:32.014,2020.0
Sakhir,George Russell,Mercedes,55.404,2020.0
Abu Dhabi,Daniel Ricciardo,Renault,1:40.926,2020.0
Bahrain,Valtteri Bottas,Mercedes,1:32.090,2021.0
Emilia Romagna,Lewis Hamilton,Mercedes,1:16.702,2021.0
Portugal,Valtteri Bottas,Mercedes,1:19.865,2021.0
Spain,Max Verstappen,Red Bull Racing Honda,1:18.149,2021.0
Monaco,Lewis Hamilton,Mercedes,1:12.909,2021.0
Azerbaijan,Max Verstappen,Red Bull Racing Honda,1:44.481,2021.0
France,Max Verstappen,Red Bull Racing Honda,1:36.404,2021.0
Styria,Lewis Hamilton,Mercedes,1:07.058,2021.0
Austria,Max Verstappen,Red Bull Racing Honda,1:06.200,2021.0
Great Britain,Sergio Perez,Red Bull Racing Honda,1:28.617,2021.0
Hungary,Pierre Gasly,AlphaTauri Honda,1:18.394,2021.0
Netherlands,Lewis Hamilton,Mercedes,1:11.097,2021.0
Italy,Daniel Ricciardo,McLaren Mercedes,1:24.812,2021.0
Russia,Lando Norris,McLaren Mercedes,1:37.423,2021.0
Turkey,Valtteri Bottas,Mercedes,1:30.432,2021.0
United States,Lewis Hamilton,Mercedes,1:38.485,2021.0
Mexico,Valtteri Bottas,Mercedes,1:17.774,2021.0
Brazil,Sergio Perez,Red Bull Racing Honda,1:11.010,2021.0
Qatar,Max Verstappen,Red Bull Racing Honda,1:23.196,2021.0
Saudi Arabia,Lewis Hamilton,Mercedes,1:30.734,2021.0
Abu Dhabi,Max Verstappen,Red Bull Racing Honda,1:26.103,2021.0
Bahrain,Charles Leclerc,Ferrari,1:34.570,2022.0
Saudi Arabia,Charles Leclerc,Ferrari,1:31.634,2022.0
Australia,Charles Leclerc,Ferrari,1:20.260,2022.0
Emilia Romagna,Max Verstappen,Red Bull Racing RBPT,1:18.446,2022.0
Miami,Max Verstappen,Red Bull Racing RBPT,1:31.361,2022.0
Spain,Sergio Perez,Red Bull Racing RBPT,1:24.108,2022.0
Monaco,Lando Norris,McLaren Mercedes,1:14.693,2022.0
Azerbaijan,Sergio Perez,Red Bull Racing RBPT,1:46.046,2022.0
Canada,Carlos Sainz,Ferrari,1:15.749,2022.0
Great Britain,Lewis Hamilton,Mercedes,1:30.510,2022.0
Austria,Max Verstappen,Red Bull Racing RBPT,1:07.275,2022.0
France,Carlos Sainz,Ferrari,1:35.781,2022.0
Hungary,Lewis Hamilton,Mercedes,1:21.386,2022.0
Belgium,Max Verstappen,Red Bull Racing RBPT,1:49.354,2022.0
Netherlands,Max Verstappen,Red Bull Racing RBPT,1:13.652,2022.0
Italy,Sergio Perez,Red Bull Racing RBPT,1:24.030,2022.0
Singapore,George Russell,Mercedes,1:46.458,2022.0
Japan,Zhou Guanyu,Alfa Romeo Ferrari,1:44.411,2022.0
United States,George Russell,Mercedes,1:38.788,2022.0
Mexico,George Russell,Mercedes,1:20.153,2022.0
Brazil,George Russell,Mercedes,1:13.785,2022.0
Abu Dhabi,Lando Norris,McLaren Mercedes,1:28.391,2022.0
